-- curriculum_categories
INSERT INTO curriculum_categories (cat_id, name, credit_req) VALUES
 (1, 'General Education Courses', 40),
 (2, 'Professional Courses', 100),
 (3, 'Free Electives', 8),
 (4, 'Internship', 12);

-- courses
INSERT INTO courses (course_code, course_name, credits, year_offered, course_type, description) VALUES
 ('ART101', 'Art Appreciation', 4, 1, 'General Education', 'Art Appreciation'),
 ('ART102', 'Film Appreciation', 4, 1, 'General Education', 'Film Appreciation'),
 ('ATH101', 'Introduction to Cultural Anthropology', 4, 1, 'General Education', 'Introduction to Cultural Anthropology'),
 ('ATH102', 'Mythology and Folklore', 4, 1, 'General Education', 'Mythology and Folklore'),
 ('ECO101', 'Sufficiency Economy', 4, 1, 'General Education', 'Sufficiency Economy'),
 ('LIB155', 'Creative Writing (Pre: ENG102)', 4, 1, 'General Education', 'Creative Writing (Pre: ENG102)'),
 ('LIB215', 'Popular Fiction', 4, 1, 'General Education', 'Popular Fiction'),
 ('LIB223', 'Presentation Skills (Pre: ENG101)', 4, 1, 'General Education', 'Presentation Skills (Pre: ENG101)'),
 ('HIS101', 'Thai History and Culture', 4, 1, 'General Education', 'Thai History and Culture'),
 ('HIS103', 'Asia in a Global Perspective', 4, 1, 'General Education', 'Asia in a Global Perspective'),
 ('HIS104', 'Foundation of Western Civilization', 4, 1, 'General Education', 'Foundation of Western Civilization'),
 ('HIS105', 'Foundation of Eastern Civilization', 4, 1, 'General Education', 'Foundation of Eastern Civilization'),
 ('LIT300', 'Fiction into Film', 4, 3, 'General Education', 'Fiction into Film'),
 ('LIT310', 'International Short Stories (Pre: ENG102)', 4, 3, 'General Education', 'International Short Stories (Pre: ENG102)'),
 ('LIT311', 'Stories of Asia (Pre: ENG102)', 4, 3, 'General Education', 'Stories of Asia (Pre: ENG102)'),
 ('MUS101', 'Music of World Cultures', 4, 1, 'General Education', 'Music of World Cultures'),
 ('PHI101', 'Introduction to Western Philosophy', 4, 1, 'General Education', 'Introduction to Western Philosophy'),
 ('PHI102', 'Introduction to Eastern Philosophy', 4, 1, 'General Education', 'Introduction to Eastern Philosophy'),
 ('PHI103', 'Introduction to Comparative Philosophies', 4, 1, 'General Education', 'Introduction to Comparative Philosophies'),
 ('POL104', 'Issues in International Human Rights', 4, 1, 'General Education', 'Issues in International Human Rights'),
 ('SOC104', 'Comparative World Religions', 4, 1, 'General Education', 'Comparative World Religions'),
 ('LAN101', 'Foreign Language I', 4, 1, 'General Education', 'Foreign Language I'),
 ('LAN102', 'Foreign Language II', 4, 1, 'General Education', 'Foreign Language II'),
 ('GEO101', 'World Geography', 4, 1, 'General Education', 'World Geography'),
 ('GEO102', 'Cultural (Human) Geography', 4, 1, 'General Education', 'Cultural (Human) Geography'),
 ('PSY101', 'General Psychology', 4, 1, 'General Education', 'General Psychology'),
 ('PSY102', 'Personality Development', 4, 1, 'General Education', 'Personality Development'),
 ('PSY201', 'Business Psychology', 4, 2, 'General Education', 'Business Psychology'),
 ('PSY202', 'Developmental Psychology', 4, 2, 'General Education', 'Developmental Psychology'),
 ('SOC101', 'Introduction to Sociology', 4, 1, 'General Education', 'Introduction to Sociology'),
 ('SOC221', 'Business Culture and Current Issues in ASEAN', 4, 1, 'General Education', 'Business Culture and Current Issues in ASEAN'),
 ('SOC222', 'Business Culture and Current Issues in Western Europe', 4, 1, 'General Education', 'Business Culture and Current Issues in Western Europe'),
 ('SOC223', 'Business Culture and Current Issues in Latin America', 4, 1, 'General Education', 'Business Culture and Current Issues in Latin America'),
 ('SOC224', 'Business Culture and Current Issues in Africa', 4, 1, 'General Education', 'Business Culture and Current Issues in Africa'),
 ('SOC225', 'Business Culture and Current Issues in North America', 4, 1, 'General Education', 'Business Culture and Current Issues in North America'),
 ('SOC226', 'Business Culture and Current Issues in the Middle East', 4, 1, 'General Education', 'Business Culture and Current Issues in the Middle East'),
 ('SOC227', 'Business Culture and Current Issues in China', 4, 1, 'General Education', 'Business Culture and Current Issues in China'),
 ('SOC228', 'Business Culture and Current Issues in Japan', 4, 1, 'General Education', 'Business Culture and Current Issues in Japan'),
 ('SOC229', 'Business Culture and Current Issues in Eastern Europe', 4, 1, 'General Education', 'Business Culture and Current Issues in Eastern Europe'),
 ('EAP110', 'Academic Preparation English 1A', 0, 1, 'General Education', 'Academic Preparation English 1A'),
 ('ENG101', 'Introduction to Academic Writing (Pre: EAP120)', 4, 1, 'General Education', 'Introduction to Academic Writing (Pre: EAP120)'),
 ('EAP120', 'Academic Preparation English 1B (Pre: EAP110)', 0, 1, 'General Education', 'Academic Preparation English 1B (Pre: EAP110)'),
 ('ENG102', 'Academic Writing (Pre: ENG101)', 4, 2, 'General Education', 'Academic Writing (Pre: ENG101)'),
 ('ENG103', 'College English III (Pre: ENG102)', 4, 2, 'General Education', 'College English III (Pre: ENG102)'),
 ('MAT100', 'Introduction to College Algebra', 0, 1, 'General Education', 'Basic Algebra'),
 ('MAT101', 'College Algebra I (Pre: MAT100)', 4, 1, 'General Education', 'College Algebra I (Pre: MAT100)'),
 ('MAT102', 'Quantitative Methods for Business (Pre: MAT101)', 4, 1, 'General Education', 'Quantitative Methods for Business (Pre: MAT101)'),
 ('MIS103', 'Computer Applications', 4, 1, 'General Education', 'Computer Applications'),
 ('STA101', 'Introduction to Statistics (Pre: MAT101)', 4, 1, 'General Education', 'Introduction to Statistics (Pre: MAT101)'),
 ('ITE101', 'Information Technology Fundamentals', 4, 1, 'Basic Core', 'Information Technology Fundamentals'),
 ('ITE102', 'Discrete Mathematics Structure (Pre: MAT101)', 4, 1, 'Basic Core', 'Discrete Mathematics Structure (Pre: MAT101)'),
 ('ITE103', 'Introduction to Data Structure and Algorithms Analysis', 4, 3, 'Basic Core', 'Introduction to Data Structure and Algorithms Analysis'),
 ('ITE104', 'Computer Organization', 4, 3, 'Basic Core', 'Computer Organization'),
 ('ITE254', 'Human Computer Interaction', 4, 2, 'General Education', 'Introduces students to analysis, design, and evaluation of the interaction between user and technologies'),
 ('ITE120', 'Web Development I (Pre: ITE254, ITE221)', 4, 2, 'Major Requirements', 'Web Development I (Pre: ITE254, ITE221)'),
 ('ITE210', 'Social and Professional Issues in Information Technology', 4, 1, 'Major Requirements', 'Social and Professional Issues in Information Technology'),
 ('ITE221', 'Programming I (Pre: ITE103)', 4, 1, 'Major Requirements', 'Programming I (Pre: ITE103)'),
 ('ITE222', 'Programming II (Pre: ITE221)', 4, 2, 'Major Requirements', 'Programming II (Pre: ITE221)'),
 ('ITE224', 'Introduction to Data Science (Pre: ITE102, STA101)', 4, 2, 'Major Requirements', 'Introduction to Data Science (Pre: ITE102, STA101)'),
 ('ITE231', 'System Administration and Maintenance', 4, 3, 'Major Requirements', 'System Administration and Maintenance'),
 ('ITE233', 'Introduction to Internet of Things (Pre: ITE221)', 4, 3, 'Major Requirements', 'Introduction to Internet of Things (Pre: ITE221)'),
 ('ITE240', 'Operating Systems', 4, 2, 'Major Requirements', 'Operating Systems'),
 ('ITE321', 'System Analysis, Design, and Implementation', 4, 1, 'Major Requirements', 'System Analysis, Design, and Implementation'),
 ('ITE331', 'Introduction to 3D Modeling and Virtual Reality', 4, 3, 'Major Requirements', 'Introduction to 3D Modeling and Virtual Reality'),
 ('ITE420', 'Information Assurance and Security I (Pre: ITE475)', 4, 2, 'Major Requirements', 'Information Assurance and Security I (Pre: ITE475)'),
 ('ITE441', 'Database Management Systems I', 4, 3, 'Major Requirements', 'Database Management Systems I'),
 ('ITE442', 'Database Management Systems II (Pre: ITE441)', 4, 4, 'Major Requirements', 'Database Management Systems II (Pre: ITE441)'),
 ('ITE475', 'Network I', 4, 2, 'Major Requirements', 'Network I'),
 ('ITE220', 'Web Development II (Pre: ITE222)', 4, 3, 'Major Electives', 'Web Development II (Pre: ITE222)'),
 ('ITE343', 'Mobile Application Development (Pre: ITE222)', 4, 3, 'Major Electives', 'Mobile Application Development (Pre: ITE222)'),
 ('ITE365', 'Software Quality Management', 4, 3, 'Major Electives', 'Software Quality Management'),
 ('ITE367', 'Software Architecture and Modelling (Pre: ITE321)', 4, 3, 'Major Electives', 'Software Architecture and Modelling (Pre: ITE321)'),
 ('ITE368', 'Software Testing and Maintenance (Pre: ITE222)', 4, 3, 'Major Electives', 'Software Testing and Maintenance (Pre: ITE222)'),
 ('MKT213', 'Principles of Marketing', 4, 3, 'Major Electives', 'Principles of Marketing'),
 ('MKT333', 'Digital Marketing', 4, 3, 'Major Electives', 'Digital Marketing'),
 ('MKT345', 'Gamification', 4, 3, 'Major Electives', 'Gamification'),
 ('ITE340', 'E-Commerce Systems and Infrastructure (Pre: ITE220)', 4, 3, 'Major Electives', 'E-Commerce Systems and Infrastructure (Pre: ITE220)'),
 ('ITE362', 'Digital Advertising Technology', 4, 3, 'Major Electives', 'Digital Advertising Technology'),
 ('ITE351', 'Programming for Data Science (Pre: ITE224)', 4, 3, 'Major Electives', 'Programming for Data Science (Pre: ITE224)'),
 ('ITE352', 'Artificial Intelligence and Machine Learning (Pre: ITE224)', 4, 3, 'Major Electives', 'Artificial Intelligence and Machine Learning (Pre: ITE224)'),
 ('ITE353', 'Machine Learning Foundation (Pre: ITE224)', 4, 3, 'Major Electives', 'Machine Learning Foundation (Pre: ITE224)'),
 ('ITE354', 'Business Intelligence and Decision Modeling (Pre: ITE224)', 4, 3, 'Major Electives', 'Business Intelligence and Decision Modeling (Pre: ITE224)'),
 ('ITE355', 'Data Warehousing and Data Mining (Pre: ITE224)', 4, 3, 'Major Electives', 'Data Warehousing and Data Mining (Pre: ITE224)'),
 ('ITE201', 'IT Service Desk & Incident Management', 4, 3, 'Major Electives', 'IT Service Desk & Incident Management'),
 ('ITE421', 'Information Assurance and Security II (Pre: ITE420)', 4, 3, 'Major Electives', 'Information Assurance and Security II (Pre: ITE420)'),
 ('ITE451', 'AWS Cloud Foundations', 4, 3, 'Major Electives', 'AWS Cloud Foundations'),
 ('ITE476', 'Network II (Pre: ITE475)', 4, 3, 'Major Electives', 'Network II (Pre: ITE475)'),
 ('ITE477', 'Window Server', 4, 3, 'Major Electives', 'Window Server'),
 ('FREE001', 'Free Elective Placeholder 1', 4, 0, 'Free Electives', 'Free Elective Placeholder 1'),
 ('FREE002', 'Free Elective Placeholder 2', 4, 0, 'Free Electives', 'Free Elective Placeholder 2'),
 ('INTRNSHP', 'Internship', 12, 0, 'Internship', 'Internship');

-- curriculum_courses
INSERT INTO curriculum_courses (curriculum_cat_id, course_code) VALUES
 (1, 'ART101'),
 (1, 'ART102'),
 (1, 'ATH101'),
 (1, 'ATH102'),
 (1, 'ECO101'),
 (1, 'LIB155'),
 (1, 'LIB215'),
 (1, 'LIB223'),
 (1, 'HIS101'),
 (1, 'HIS103'),
 (1, 'HIS104'),
 (1, 'HIS105'),
 (1, 'LIT300'),
 (1, 'LIT310'),
 (1, 'LIT311'),
 (1, 'MUS101'),
 (1, 'PHI101'),
 (1, 'PHI102'),
 (1, 'PHI103'),
 (1, 'POL104'),
 (1, 'SOC104'),
 (1, 'LAN101'),
 (1, 'LAN102'),
 (1, 'GEO101'),
 (1, 'GEO102'),
 (1, 'PSY101'),
 (1, 'PSY102'),
 (1, 'PSY201'),
 (1, 'PSY202'),
 (1, 'SOC101'),
 (1, 'SOC221'),
 (1, 'SOC222'),
 (1, 'SOC223'),
 (1, 'SOC224'),
 (1, 'SOC225'),
 (1, 'SOC226'),
 (1, 'SOC227'),
 (1, 'SOC228'),
 (1, 'SOC229'),
 (1, 'EAP110'),
 (1, 'ENG101'),
 (1, 'EAP120'),
 (1, 'ENG102'),
 (1, 'ENG103'),
 (1, 'MAT100'),
 (1, 'MAT101'),
 (1, 'MAT102'),
 (1, 'MIS103'),
 (1, 'STA101'),
 (2, 'ITE101'),
 (2, 'ITE102'),
 (2, 'ITE103'),
 (2, 'ITE104'),
 (2, 'ITE120'),
 (2, 'ITE210'),
 (2, 'ITE221'),
 (2, 'ITE222'),
 (2, 'ITE224'),
 (2, 'ITE231'),
 (2, 'ITE233'),
 (2, 'ITE240'),
 (2, 'ITE254'),
 (2, 'ITE321'),
 (2, 'ITE331'),
 (2, 'ITE420'),
 (2, 'ITE441'),
 (2, 'ITE442'),
 (2, 'ITE475'),
 (2, 'ITE220'),
 (2, 'ITE343'),
 (2, 'ITE365'),
 (2, 'ITE367'),
 (2, 'ITE368'),
 (2, 'MKT213'),
 (2, 'MKT333'),
 (2, 'MKT345'),
 (2, 'ITE340'),
 (2, 'ITE362'),
 (2, 'ITE351'),
 (2, 'ITE352'),
 (2, 'ITE353'),
 (2, 'ITE354'),
 (2, 'ITE355'),
 (2, 'ITE201'),
 (2, 'ITE421'),
 (2, 'ITE451'),
 (2, 'ITE476'),
 (2, 'ITE477'),
 (3, 'FREE001'),
 (3, 'FREE002'),
 (4, 'INTRNSHP');

-- prerequisites
INSERT INTO prerequisites (course_code, pre_course_code) VALUES
 ('LIB155', 'ENG102'),
 ('LIB223', 'ENG101'),
 ('LIT310', 'ENG102'),
 ('LIT311', 'ENG102'),
 ('ENG101', 'EAP120'),
 ('EAP120', 'EAP110'),
 ('ENG102', 'ENG101'),
 ('ENG103', 'ENG102'),
 ('MAT101', 'MAT100'),
 ('MAT102', 'MAT101'),
 ('STA101', 'MAT101'),
 ('ITE102', 'MAT101'),
 ('ITE120', 'ITE254'),
 ('ITE221', 'ITE103'),
 ('ITE222', 'ITE221'),
 ('ITE224', 'ITE102'),
 ('ITE233', 'ITE221'),
 ('ITE420', 'ITE475'),
 ('ITE442', 'ITE441'),
 ('ITE220', 'ITE222'),
 ('ITE343', 'ITE222'),
 ('ITE367', 'ITE321'),
 ('ITE368', 'ITE222'),
 ('ITE340', 'ITE220'),
 ('ITE351', 'ITE224'),
 ('ITE352', 'ITE224'),
 ('ITE353', 'ITE224'),
 ('ITE354', 'ITE224'),
 ('ITE355', 'ITE224'),
 ('ITE421', 'ITE420'),
 ('ITE476', 'ITE475');
